식품명,식품대분류,1회제공량,에너지(kcal),탄수화물(g),단백질(g),지방(g),총당류(g),나트륨(g),메인여부
잔멸치고추볶음,볶음류,50,114.05,2.86,16.64,4,1.88,1.0305199999999999,not main
멸치풋고추볶음,볶음류,50,94.83,6.65,10.31,3,4.51,0.67244,not main
팔보채,볶음류,220,196.98,7.53,27.33,6.39,4.59,1.88399,main
콩나물잡채,볶음류,230,153.12,28.86,4.43,2.22,21.56,1.42294,not main
채소떡볶이,볶음류,200,515.29,114.11,6.24,3.76,3.94,0.5379700000000001,main
참치 김치볶음,볶음류,100,121.88,7.12,8.33,6.68,1.83,0.47974,main
죽순쇠고기볶음,볶음류,230,276.31,8.69,31.46,12.86,4.77,0.4925,main
제육볶음,볶음류,250,487.98,11.82,30.37,35.47,0.94,1.25193,main
잡채,볶음류,200,291.15,48.52,9.41,6.6,1.45,0.71968,main
잔멸치풋고추볶음,볶음류,50,127.82,8.47,14.12,4.16,5.31,1.03508,not main
잔멸치볶음,볶음류,50,170.46,4.81,21.82,7.1,6.54,1.3957899999999999,not main
잔멸치꽈리고추볶음,볶음류,50,146.65,4.62,12.39,8.74,2.92,0.6330800000000001,not main
잔멸치견과류볶음,볶음류,50,193.96,11.32,12.17,11.11,7.27,0.8763200000000001,not main
달걀장조림,조림류,100,138.11,8.67,9.85,7.12,6.87,0.6275,not main
유산슬,볶음류,220,189.43,9.01,16.58,9.68,4.73,0.46388,main
오징어채볶음,볶음류,20,59.52,4.07,4.09,2.99,4.92,0.26389999999999997,not main
오징어볶음,볶음류,200,255.56,14.86,19.69,13.04,3.85,0.61961,main
어묵채소볶음 ,볶음류,90,136.68,15.48,5.7,5.77,1.13,0.5689,not main
어묵잡채,볶음류,280,414.12,73.15,6.55,10.59,4.2,1.2012,not main
어묵볶음,볶음류,140,275.24,34.06,11.78,10.21,8.84,1.1447,not main
양파볶음,볶음류,80,44.67,7.61,0.79,1.23,7.32,0.2194,not main
쇠고기채소볶음,볶음류,230,288.81,14.81,29.44,12.42,10.41,0.61978,main
쇠고기볶음,볶음류,190,543.39,5.4,33.24,43.2,8.16,0.56262,main
쇠고기버섯볶음,볶음류,230,330.36,15.91,26.66,17.79,6.55,0.8480700000000001,not main
쇠고기고추장볶음,볶음류,220,434.08,23.55,31.59,23.73,21.33,1.21857,not main
햄채소볶음,볶음류,220,401.83,21.13,23.04,25.02,7.32,1.76673,main
BLT샌드위치,빵류,220,423.85,18.56,20.9,29.56,1.31,0.7868200000000001,not main
감자크로켓,빵류,150,295.63,18.37,8.55,20.89,2.89,0.26216,not main
꽈배기,빵류,70,272.34,30.1,5.83,14.29,7.04,0.22513,not main
카스텔라,빵류,70,234.74,33.59,7.02,8.03,23.64,0.04381,not main
치킨버거,빵류,200,475.56,50.17,24.86,19.49,3.82,0.66676,not main
츄러스,빵류,70,252.49,40.72,4.62,7.9,15.91,0.25388,not main
초코 소라빵,빵류,70,222.99,36.23,2.3,7.65,6.5,0.1504,not main
채소샌드위치,빵류,180,439.87,42.88,7.35,26.55,25.66,0.7664099999999999,not main
찹쌀도넛,빵류,70,201.62,38.89,4.2,3.25,7.73,0.21853,not main
참치 샌드위치,빵류,250,505.3,34.45,26.34,29.13,3.46,0.52216,not main
찐빵,빵류,250,532.43,119.43,12.98,0.31,27.6,0.58527,not main
식빵토스트,빵류,100,365.67,51.47,8.78,13.85,4.5,0.53265,not main
식빵,빵류,100,264.36,50.91,9.34,2.6,1.56,0.46843,not main
소보로빵,빵류,70,274.19,38.94,5.79,10.59,11.68,0.27744,not main
생크림케이크,빵류,100,237.09,27.62,3.45,12.54,14.49,0.15111000000000002,not main
사과파이,빵류,100,184.65,34.83,2.54,3.91,7.11,0.20449,not main
불고기버거,빵류,200,499.77,45.35,27.76,23.04,0.26,0.6768500000000001,not main
베이글,빵류,120,367.64,64.18,12,6.99,5.5,0.83426,not main
모카빵,빵류,150,507.78,86.94,12.82,12.08,18.79,0.53115,not main
모닝빵,빵류,70,219.52,36.52,6.65,5.2,5.58,0.34238,not main
머핀,빵류,130,499.29,76.89,7.45,17.99,51.55,0.53461,not main
마늘빵,빵류,50,219.12,28.97,6.03,8.79,3.68,0.25974,not main
링도넛,빵류,100,514.57,46.16,7.85,33.17,11.6,0.53742,not main
롤케이크,빵류,100,311.94,44.01,7.36,11.83,24.64,0.14289,not main
도넛,빵류,70,294.22,31.39,4.48,16.75,8.31,0.14512,not main
닭가슴살샌드위치,빵류,230,551.65,48.21,28.02,27.41,7.1,1.00632,not main
소시지볶음,볶음류,200,559.51,28.82,23.88,38.75,11.66,1.77353,not main
새우볶음,볶음류,200,166.66,11.91,19.81,4.42,7.97,0.65219,not main
새송이버섯볶음,볶음류,120,145.44,11.15,3.54,9.63,4.5,0.40874,not main
감자볶음,볶음류,100,100.18,12.41,1.75,4.84,3.37,0.31841,not main
현미밥,밥류,230,396.31,89.48,7.14,1.09,0,0.0048,not main
하이라이스,밥류,360,401.93,76.84,14.47,4.08,0,0.88409,main
표고버섯볶음밥,밥류,300,551.73,95.37,10.09,14.43,0,0.8965700000000001,main
팥밥,밥류,200,286,64.51,6.56,0.19,0,0.0071200000000000005,not main
콩나물밥,밥류,320,392.17,71.66,14.98,5.07,0.12,0.86899,not main
콩나물국밥,밥류,780,403.26,85.22,11.34,1.89,0,1.3390199999999999,main
카레라이스,밥류,480,518.4,99.53,14.94,6.73,0.78,1.00705,main
치즈김밥,밥류,270,476.98,59.67,16.86,18.99,0.57,0.45554,main
채소볶음밥,밥류,260,474.03,74.73,12.26,14.01,0.76,1.0603399999999998,main
채소김밥,밥류,280,442.09,74.61,12.89,10.23,0.4,0.86501,main
참치볶음밥,밥류,230,412.97,75.68,10.63,7.52,0.27,1.45092,main
참치마요삼각김밥,밥류,200,398.7,50.89,11.86,16.41,0,0.46022,main
참치김밥,밥류,250,435.04,50.65,17.5,18.05,1.77,0.8374299999999999,main
찰밥,밥류,280,429.7,93.97,12.3,0.51,1.37,0.009349999999999999,not main
차조밥,밥류,200,313.24,69.71,5.67,1.3,0.07,0.00281,not main
짬뽕밥,밥류,900,647.7,104.86,28.81,12.56,12.04,2.10568,main
짜장밥,밥류,470,572.62,73.17,20.08,22.18,0.16,1.1099100000000002,main
제육덮밥,밥류,470,949.76,79.22,44.3,50.63,9.3,0.81984,main
잡채밥,밥류,550,825.15,141.85,22.11,18.81,0.3,1.24722,main
잡곡밥,밥류,200,292.6,58.65,10.59,1.74,0.64,0.00529,not main
육회비빔밥,밥류,300,442.29,68.76,19.16,10.07,13.36,1.33723,main
유부초밥,밥류,200,388.54,59.63,11.56,11.53,3.97,0.77126,main
완두콩밥,밥류,200,276.32,62.49,5.89,0.31,0,0.5900599999999999,not main
흑미밥,밥류,200,348.7,80.14,6.53,0.22,0.04,0.0035099999999999997,not main
감자채소볶음,볶음류,130,139.78,17.03,2.65,6.79,0.15,0.27072,not main
브로콜리볶음,볶음류,90,46.14,4.98,3.98,1.15,1.28,0.08488,not main
건새우볶음,볶음류,20,60.83,1.08,8.31,2.59,0.81,0.31077999999999995,not main
미역줄기볶음,볶음류,80,61.43,3.88,0.77,4.76,0.44,0.40401,not main
문어고추장볶음,볶음류,200,175.01,17.23,21.93,2.04,10.88,0.9743999999999999,main
묵은지삼겹살볶음,볶음류,200,302.03,16.79,11.52,20.98,7.23,1.20711,main
멸치볶음,볶음류,50,138,6.81,19.72,3.54,5.8,1.30305,not main
멸치마늘쫑볶음,볶음류,50,138.41,6.21,16.2,5.42,2.13,1.25051,not main
멸치견과류볶음,볶음류,50,206.95,9.18,15.2,12.16,7.01,0.91386,not main
마파두부,볶음류,160,174.33,8.58,11.67,10.37,3.92,0.56345,not main
마늘쫑잔멸치볶음,볶음류,50,58.42,7.71,3.77,1.39,2.85,0.25237,not main
마늘쫑볶음,볶음류,140,123.91,18.44,4.55,3.55,7.4,0.78679,not main
라볶이,볶음류,200,268.47,40.28,5.66,9.41,1.88,0.6222799999999999,main
떡볶이,볶음류,180,260.02,46.72,6.31,5.32,7.92,0.70312,main
돼지곱창순대볶음,볶음류,230,299.11,42.59,16.64,6.91,7.52,0.49563999999999997,main
돼지고기채소볶음,볶음류,230,388.96,19.84,38.12,17.46,15.33,0.7962,main
돼지고기김치볶음,볶음류,230,371.22,13.63,27.16,23.12,6.68,1.17354,main
당근볶음,볶음류,90,85.13,7.01,0.84,5.97,4.05,0.19428,not main
닭볶음,볶음류,300,558.83,23.8,41.93,32.88,2.32,1.01389,main
닭발볶음,볶음류,200,372.98,23.44,27.6,18.76,12.74,1.94837,main
닭가슴살피망볶음,볶음류,80,97.58,1.1,13.11,4.52,0.23,0.39222,not main
느타리버섯볶음,볶음류,50,47.09,3.39,1.4,3.1,2.12,0.26183999999999996,not main
낙지볶음,볶음류,200,182.69,17.2,11.53,7.53,15.81,1.07486,main
꽈리고추멸치볶음,볶음류,50,126.57,3.98,11.81,7.04,3.12,0.66695,not main
김치볶음,볶음류,100,106.07,7.27,1.38,7.94,4.45,0.52144,not main
고추볶음,볶음류,100,69.78,8.25,1.93,3.23,4.34,0.27573000000000003,not main
콤비네이션피자,빵류,200,548.05,51.07,21.35,28.71,9.69,0.88261,not main
크로아상,빵류,150,669.17,64.96,11.28,40.47,9.15,0.68504,not main
페이스트리,빵류,70,326.3,29.05,5.82,20.76,4.5,0.26105,not main
돼지고기완자전,전.적 및 부침류,200,277.36,13.01,29.56,11.9,5.12,1.71839,not main
달걀말이,전.적 및 부침류,100,193.49,1.45,17.21,13.21,0,0.44906999999999997,not main
김치전,전.적 및 부침류,150,201.08,28.51,7.58,6.3,6.32,0.36013,not main
고구마전,전.적 및 부침류,140,318.36,50.38,4.09,11.17,19.97,0.12143000000000001,not main
감자전,전.적 및 부침류,200,265.62,33.58,3.43,13.07,3.62,0.58657,not main
가지전,전.적 및 부침류,200,245.82,17.75,10.96,14.55,1.68,0.67441,not main
치킨무,장아찌 및 절임류,130,22.1,3.97,0.68,0.39,2.27,0.24530000000000002,not main
일본매실장아찌,장아찌 및 절임류,30,19.52,3.31,0.38,0.53,2.36,1.11828,not main
오이지,장아찌 및 절임류,50,10.34,1.42,0.37,0.36,0,1.02489,not main
오이장아찌,장아찌 및 절임류,50,7.11,1.27,0.18,0.14,0.52,0.37007999999999996,not main
양파장아찌,장아찌 및 절임류,50,40.18,7.89,1.31,0.38,8.96,0.5342100000000001,not main
무짠지,장아찌 및 절임류,50,5.63,0.99,0.27,0.06,0.79,1.19097,not main
마늘장아찌,장아찌 및 절임류,230,147.23,4.61,6.15,11.58,11.86,2.81142,not main
더덕장아찌,장아찌 및 절임류,90,127.28,26.01,4.02,0.8,13.84,1.05026,not main
단무지,장아찌 및 절임류,30,3.77,0.72,0.1,0.06,0.14,0.16555,not main
깻잎장아찌,장아찌 및 절임류,20,20.18,3.11,0.41,0.68,0.71,0.31718,not main
고추장아찌,장아찌 및 절임류,60,49.62,8.44,1.19,1.24,0.44,1.51558,not main
미숫가루,음료 및 차류,300,211.16,31.25,6.24,6.8,0,0.07171,not main
팥빙수,아이스크림류,400,401.79,82.39,14.29,1.67,37.84,0.12516,not main
육회,회류,150,195.06,12.18,14.9,9.64,7.93,0.62701,main
회무침,생채및 무침류,250,203.95,21.5,20.22,4.12,11.33,0.68698,not main
호박오가리나물무침,생채및 무침류,100,200.5,21.46,6.14,10.01,6.82,1.8492,not main
해초무침,생채및 무침류,100,39.3,8.52,0.95,0.16,3.95,0.86221,not main
피조개무침,생채및 무침류,100,51.64,6.07,4.71,0.95,3.72,0.22287,not main
달걀프라이,전.적 및 부침류,60,124.53,3.09,9.44,8.27,0.02,0.09670999999999999,not main
두부부침,전.적 및 부침류,100,139.93,2.07,10.92,9.77,0.24,0.42911,not main
풋고추된장무침,생채및 무침류,100,123.64,12,2.37,7.35,8.43,0.18255000000000002,not main
떡갈비,전.적 및 부침류,200,403.4,4.92,42.76,23.63,0.79,0.80759,not main
고등어조림,조림류,100,141.01,4.1,11.25,8.84,3.39,0.38956999999999997,main
건갈치조림,조림류,100,127.65,4.64,15.93,5.04,5.35,1.16912,main
감자조림,조림류,50,56.79,9.05,1.2,1.76,3.84,0.24352000000000001,not main
갈치조림,조림류,100,100.82,6.16,12.72,2.81,6.29,0.56755,main
오징어젓,젓갈류,10,6.03,0.34,1.01,0.07,0.24,0.21505000000000002,not main
양념새우젓,젓갈류,10,6.89,0.6,0.71,0.18,0.05,0.7402000000000001,not main
양념멸치젓,젓갈류,5,4.51,0.37,0.57,0.08,0.03,0.33335000000000004,not main
양념게장,젓갈류,200,193.49,25.21,20.45,1.21,17.53,1.60801,not main
양념갈치젓,젓갈류,90,134,9.25,13.98,4.57,4.42,4.52065,not main
간장게장,젓갈류,250,155.4,15.09,17.56,2.76,10.53,2.72289,not main
가자미식해,젓갈류,250,335.62,29.1,27.73,12.03,9.27,1.7114200000000002,not main
햄달걀부침,전.적 및 부침류,100,277.32,8.06,12.71,21.59,0,0.5905199999999999,not main
해물파전,전.적 및 부침류,150,256.14,27.43,8.25,12.6,1.23,0.44935,not main
해물완자전,전.적 및 부침류,200,444.86,36.07,22.92,23.21,6.81,1.181,not main
표고버섯전,전.적 및 부침류,150,271.89,19.11,15.19,14.97,2.84,0.47595,not main
채소전,전.적 및 부침류,100,145.11,22.59,3.57,4.5,2.06,0.25877,not main
참치완자전,전.적 및 부침류,200,345.27,27.13,29.99,12.98,7.37,1.133,not main
애호박전,전.적 및 부침류,150,182.9,10.1,6.53,12.93,3.48,0.33553,not main
스크램블드에그,전.적 및 부침류,110,237.34,2.82,12.99,19.35,0.49,0.40639,not main
쇠고기완자전,전.적 및 부침류,200,323.34,9.35,37.46,15.12,0.4,0.7629,not main
부추전,전.적 및 부침류,150,251.22,41.79,6.95,6.25,12.42,0.37009,not main
메밀전,전.적 및 부침류,180,289.81,62.63,7.23,1.15,0.54,0.26122,not main
맛살전,전.적 및 부침류,200,329.53,39.37,14.95,12.47,2.27,1.11779,not main
풋마늘무침,생채및 무침류,100,71.06,11.27,4.14,1.04,5.95,0.477,not main
파무침,생채및 무침류,150,105.95,13.62,3.38,4.22,12.03,0.6356900000000001,not main
피자빵,빵류,200,595.65,63.52,17.7,30.09,16.21,1.27489,not main
무말랭이무침,생채및 무침류,20,24.17,4.5,0.84,0.31,0.82,0.09002,not main
두릅초고추장무침,생채및 무침류,90,60.49,7.1,1.94,2.71,4.09,0.1844,not main
돌나물무침,생채및 무침류,50,34.25,4.15,0.83,1.59,2.63,0.18024,not main
도토리묵 무침,생채및 무침류,200,147.76,21.84,1.85,5.89,3.63,0.63736,not main
도라지오이생채,생채및 무침류,160,76.02,10.14,2.65,2.76,11.01,0.38886000000000004,not main
도라지생채,생채및 무침류,160,123.97,25.84,3.3,0.82,8.4,0.45291000000000003,not main
닭고기냉채,생채및 무침류,240,215.62,11.99,31.4,4.67,11.53,0.36294,not main
닭가슴살샐러드,생채및 무침류,150,203.24,8.04,10.75,14.23,4.88,0.13224,not main
달래무침,생채및 무침류,60,37.79,3.64,1.75,1.81,2.3,0.34026,not main
단호박샐러드,생채및 무침류,150,242.52,28.15,2.22,13.45,21.45,0.10547,not main
다시마무침,생채및 무침류,90,43.27,6.12,2.31,1.06,0,2.48297,not main
느타리버섯무침,생채및 무침류,150,88.01,5.16,4.11,5.66,0.13,0.4667,not main
낙지무침,생채및 무침류,180,138,7.13,22.33,2.24,0.26,0.61179,not main
김무침,생채및 무침류,30,77.57,5.8,6.35,3.22,1.72,0.3033,not main
굴무침,생채및 무침류,80,61.44,5.84,5.34,1.85,2.19,0.16293000000000002,not main
굴무생채,생채및 무침류,300,149.16,17.76,11.04,3.77,12.13,1.0979100000000002,not main
과일샐러드,생채및 무침류,140,138.69,12.95,1.75,8.87,13.02,0.04746,not main
골뱅이국수무침,생채및 무침류,230,250.52,43.49,11.53,3.38,8.2,0.64562,not main
감자샐러드,생채및 무침류,150,189.19,18.37,1.97,11.98,5.63,0.35401,not main
가오리회무침,생채및 무침류,230,186.62,14.6,26.07,2.66,12.57,0.81355,not main
호떡,빵류,150,470.6,85.68,8.11,10.61,1.09,0.31631,not main
햄치즈샌드위치,빵류,240,433.09,45.79,21.15,18.37,9.62,0.6587799999999999,not main
햄샌드위치,빵류,200,439.2,31.28,24.88,23.84,3.79,1.3974000000000002,not main
햄버거,빵류,200,527.67,43.34,25.69,27.95,6.25,0.90073,not main
마늘쫑무침,생채및 무침류,30,31.92,3.83,0.82,1.48,2.24,0.09381999999999999,not main
무생채,생채및 무침류,150,73.54,10.99,3.64,1.67,2.67,1.23222,not main
파래무침,생채및 무침류,30,14.83,1.49,1.06,0.51,0.52,0.22077000000000002,not main
미나리무침,생채및 무침류,90,41.52,4.87,1.18,1.92,2.02,0.68844,not main
치커리겉절이,생채및 무침류,100,56.41,4.4,1.49,3.65,3.71,0.17685,not main
채소샐러드,생채및 무침류,160,232.33,8.16,1.86,21.36,7.55,0.11832,not main
참치샐러드,생채및 무침류,150,226.74,11.28,16.23,12.97,10.36,0.44895999999999997,not main
옥수수샐러드,생채및 무침류,160,265.65,20.28,3.13,19.11,9.61,0.7723300000000001,not main
오징어채소무침,생채및 무침류,240,149.09,18.23,14.04,2.23,13.3,0.38974000000000003,not main
오징어채무침,생채및 무침류,80,206.14,22.73,18.88,4.42,14.97,1.4425999999999999,not main
오징어물회,생채및 무침류,700,339.79,22.81,43.3,8.37,14.72,2.55148,not main
오징어무침,생채및 무침류,200,254.31,13.04,39.45,4.93,13.15,0.65252,not main
오이지무침,생채및 무침류,100,52.32,4.21,0.96,3.51,2.78,1.61524,not main
오이생채,생채및 무침류,50,34.53,4.48,0.89,1.45,4.02,0.23693,not main
오이부추무침,생채및 무침류,100,31.32,5.01,1.95,0.39,4.15,1.0695,not main
열무겉절이,생채및 무침류,100,57.55,5.38,2.4,2.94,2.26,0.89088,not main
양파부추무침,생채및 무침류,100,44.19,6.81,1.83,1.07,5.79,0.32614,not main
양장피,생채및 무침류,220,291.79,24.1,16.05,14.58,0.96,1.09025,not main
양상추샐러드,생채및 무침류,150,188.98,5.13,7.36,15.45,2.37,0.23663,not main
양배추샐러드,생채및 무침류,150,225.1,12.7,4.03,17.57,11.92,0.14495,not main
새싹채소샐러드,생채및 무침류,100,74.21,4.96,2.77,4.81,2.26,0.15558000000000002,not main
상추겉절이,생채및 무침류,100,61.14,5.26,2.36,3.41,2.98,0.43113999999999997,not main
북어채무침,생채및 무침류,150,282.02,18.07,42.6,4.37,8.38,1.1339000000000001,not main
부추무침,생채및 무침류,100,92.3,6.25,3.5,5.92,3.06,0.66627,not main
배추겉절이,생채및 무침류,50,27.32,3.29,1.14,1.07,0.65,0.16382,not main
민들레잎무침,생채및 무침류,90,72.9,11.09,2.42,2.1,7.34,0.22288,not main
미역초무침,생채및 무침류,50,17.49,2.62,0.59,0.51,0.65,0.22590000000000002,not main
오징어덮밥,밥류,360,484.59,79,25.85,7.24,2.37,0.58223,main
오므라이스,밥류,400,692.71,82.14,25.98,28.91,12.76,1.7301099999999998,main
영양돌솥밥,밥류,350,643.16,126.22,12.02,10.03,2.22,0.02194,main
삼계탕,국 및 탕류,900,911.39,34.57,96.09,43.19,4.03,0.7366699999999999,main
뼈해장국,국 및 탕류,800,206.01,8.46,25.55,7.77,5.07,2.76462,main
북엇국,국 및 탕류,400,111.03,3.36,15.56,3.93,0.46,0.92998,not main
배추된장국,국 및 탕류,400,79.08,10.33,5.85,1.6,0,0.89079,not main
미역오이냉국,국 및 탕류,350,21.8,2.98,1.31,0.52,2.42,1.1444,not main
미역된장국,국 및 탕류,400,96.16,9.1,6.25,3.86,2.43,1.2194,not main
미역냉국,국 및 탕류,350,128.81,26.28,0.66,2.34,15.7,0.51861,not main
미역국,국 및 탕류,400,46.36,3.49,2.58,2.45,1.08,0.6707000000000001,not main
무시래기된장국,국 및 탕류,400,61.11,8.11,5.22,0.86,0,0.77928,not main
메밀묵국,국 및 탕류,400,87.38,14.26,3.99,1.59,1.12,0.9537100000000001,not main
동태국,국 및 탕류,400,66.87,5.61,9.66,0.64,0,0.8957,not main
도가니탕,국 및 탕류,500,198.17,4.1,41.76,1.63,0,0.75198,main
대합미역국,국 및 탕류,400,44.84,2.24,4.93,1.8,0.05,0.92764,not main
닭곰탕,국 및 탕류,650,330.4,13.01,48.8,9.24,1.93,1.10506,main
닭개장,국 및 탕류,700,142.98,9.88,19.17,2.97,4,1.16818,main
냉이된장국,국 및 탕류,400,86.47,8.81,6.85,2.65,1.18,0.94335,not main
꼬리곰탕,국 및 탕류,500,135.9,4.23,22.51,3.22,0,0.09689,main
김칫국,국 및 탕류,400,90.78,10.52,5.36,3.03,0.13,0.83247,not main
김치콩나물국,국 및 탕류,400,48.33,4.61,3.27,1.86,1.97,0.91938,not main
근대된장국,국 및 탕류,400,38.84,2.71,3.49,1.56,3.31,1.3040999999999998,not main
굴무국,국 및 탕류,500,123.09,14.63,12.04,1.82,0.72,1.25334,not main
곰탕,국 및 탕류,600,145.15,0.66,20.57,6.69,0,0.7440800000000001,main
감잣국,국 및 탕류,400,82.47,14.67,3.59,1.05,3.41,0.85981,not main
감자된장국,국 및 탕류,400,98.19,14.78,4.34,2.41,3.09,1.4299300000000001,not main
사골국,국 및 탕류,400,220.99,11.24,22.25,9.67,0,0.29877,not main
새우미역국,국 및 탕류,400,63.22,7.31,4.35,1.84,0,0.0205,not main
햄구이,구이류,170,577.05,2.61,26.02,51.39,3.26,1.50675,not main
새우탕,국 및 탕류,500,163.1,10,25.84,2.19,0.3,1.34099,main
콩나물된장국,국 및 탕류,400,123.17,10.46,10.31,4.45,2.11,1.4612100000000001,not main
콩나물국,국 및 탕류,400,24.66,2.44,2.95,0.35,0.65,0.8744,not main
조갯국,국 및 탕류,400,62.72,0.99,6.67,3.57,0.71,1.1885,not main
재첩국,국 및 탕류,350,81.91,15.9,2.33,1,0,0.44244,not main
일본된장국,국 및 탕류,200,20.6,0.45,1.42,1.46,0.51,0.48754000000000003,not main
육개장,국 및 탕류,440,130.33,6.54,16.21,4.37,3.33,0.88424,main
우거지된장국,국 및 탕류,400,78.61,3.29,11.08,2.35,2.5,1.16309,not main
우거지곰탕,국 및 탕류,350,88.55,9.11,8.29,2.1,1.17,0.78604,main
오징어국,국 및 탕류,500,91.91,3.63,11.1,3.67,1.2,1.2866900000000001,not main
오이냉국,국 및 탕류,350,38.17,2.67,1.47,2.4,3.11,0.98964,not main
얼갈이배춧국,국 및 탕류,400,36.23,3.41,2,1.62,0.22,0.7785299999999999,not main
어묵국,국 및 탕류,350,106.95,13.41,5.2,3.61,0.25,0.79085,not main
애호박된장국,국 및 탕류,400,122.91,5.62,13.35,5.23,1.97,1.80632,not main
아욱된장국,국 및 탕류,400,81.83,6.34,9.1,2.23,0.44,0.9443400000000001,not main
쑥된장국,국 및 탕류,400,60.64,6.08,4.88,1.87,2.92,0.97074,not main
시금치된장국,국 및 탕류,400,37.98,3.91,4.07,0.67,0.44,0.49532,not main
순두부달걀탕,국 및 탕류,350,102.39,3.29,6.23,7.14,0,0.35496,not main
순댓국,국 및 탕류,600,509.46,89.71,14.1,10.47,1.58,1.98158,main
쇠고기배춧국,국 및 탕류,400,62.29,4.57,7.34,1.63,0,0.9906900000000001,not main
쇠고기미역국,국 및 탕류,400,52.03,3.28,7.42,1.03,2.08,0.7820199999999999,not main
쇠고기무국,국 및 탕류,400,61.53,4.38,5.3,2.54,0,0.662,not main
설렁탕,국 및 탕류,500,118.37,1.8,21.3,2.88,0,0.10978,main
선짓국(선지해장국),국 및 탕류,600,173.84,7.39,23.18,5.73,0,1.87443,main
갈비탕,국 및 탕류,670,363.24,2.68,57,13.83,0.77,1.33059,main
함박스테이크,구이류,200,347.37,14.38,24.2,21.45,0.11,0.39527999999999996,main
해물된장국,국 및 탕류,400,111.58,10.73,8.38,3.9,1.79,1.5345799999999998,not main
닭발구이,구이류,220,431.43,21.34,39.92,20.71,0.68,1.8200999999999998,main
닭고기대파꼬치구이,구이류,170,416.63,17.59,30.34,24.99,2.82,0.7081799999999999,main
꽁치구이,구이류,200,604.84,4.27,49.36,43.37,0,0.5167,main
굴비구이,구이류,150,291.73,0.14,28.02,19.9,0.37,1.3772,main
고등어석쇠구이,구이류,200,679.62,7.57,46.75,51.37,0,0.25252,main
고등어구이,구이류,200,551.8,0.4,47.65,39.95,0.45,1.21,main
갈치구이,구이류,200,275.69,1.2,43.07,10.95,0,0.59447,main
간장양념닭다리구이,구이류,300,740.27,10.56,68.9,46.94,13.13,1.62876,main
가자미구이,구이류,200,245.31,1.32,37.4,10.04,0,0.63039,main
팥찹쌀떡,곡류 및 서류,100,294.75,62.93,5.06,2.53,25.95,0.14024,not main
팥시루떡,곡류 및 서류,100,224.23,48.13,3.77,1.85,0.04,0.19521,not main
참깨경단,곡류 및 서류,100,239.92,38.58,6.28,6.72,0.61,0.20287,not main
찐옥수수,찜류,200,370.54,68.39,13.36,4.84,4.72,0.17923,not main
찐고구마,찜류,200,277.31,64.94,3.34,0.47,32.64,0.01946,not main
찐감자,찜류,200,140.18,30.02,4.32,0.31,1.71,0.00675,not main
증편,곡류 및 서류,100,200.1,44.15,3.17,1.2,3.19,0.28395,not main
인절미,곡류 및 서류,100,242.26,50.07,5.64,2.16,6.35,0.29682,not main
약식,곡류 및 서류,100,219.87,45.24,4.21,2.45,13.24,0.22118000000000002,not main
쑥절편,곡류 및 서류,100,192.12,34.87,7.72,2.42,0.25,0.19227,not main
백설기,곡류 및 서류,100,229.5,50.4,3.71,1.45,0.11,0.2109,not main
모듬찰떡,곡류 및 서류,100,218.16,42.27,6.78,2.44,2.98,0.18783000000000002,not main
꿀떡,곡류 및 서류,100,228.48,49.48,3.74,1.73,0.29,0.27508,not main
깨송편,곡류 및 서류,100,219.01,42.83,4.65,3.23,1.98,0.25975,not main
가래떡,곡류 및 서류,100,195.16,43.73,3.92,0.51,0,0.24057,not main
닭구이,구이류,340,872.3,26.52,89.1,45.54,0,2.55309,main
돼지갈비구이,구이류,300,881.09,10.43,84.72,55.61,14.43,2.21165,main
표고버섯구이,구이류,80,79.6,14.51,3.47,0.85,1.12,0.34804,not main
돼지고기산적,구이류,170,339.25,2.64,49.41,14.56,0.1,0.99579,main
키조개구이,구이류,180,234.13,18.79,31.38,3.72,6.48,0.8178300000000001,main
치킨데리야끼,구이류,340,707.64,51.71,56.23,30.65,0.39,0.90615,main
참치머리구이,구이류,180,346.8,2.52,47.81,16.16,0,0.82588,main
쥐포구이,구이류,70,238.58,37.42,21.67,0.25,23.15,1.47369,not main
조미김,구이류,5,23.5,1.45,1.02,1.51,0.01,0.20055,not main
조기구이,구이류,180,318.2,0.79,34.8,19.54,0,2.45607,main
장어고추장구이,구이류,100,258.89,6.18,19.82,17.21,0.44,0.32194,main
오리불고기,구이류,250,361.52,22.62,16.87,22.62,15.73,1.16855,main
오리고기구이,구이류,200,586.08,9.77,48.12,39.39,0,1.41666,main
안심스테이크,구이류,200,366.42,0.25,69.63,9.65,0,0.20542,main
쇠불고기,구이류,200,339.22,8.51,32.82,19.32,6.48,0.8358099999999999,main
쇠곱창구이,구이류,150,275.96,7.07,22.33,17.59,1.67,1.9718699999999998,main
쇠갈비구이,구이류,300,722.95,4.76,77.73,43.66,0.78,1.20466,main
새우구이,구이류,180,260.76,5.07,42.13,7.99,0.06,0.5935499999999999,main
새송이버섯구이,구이류,80,66.92,9.33,3.43,1.77,3.63,0.37078,not main
삼치구이,구이류,200,355.16,2.89,42.83,19.14,0.43,0.43432,main
삼겹살구이,구이류,200,933.52,0.69,45.11,83.37,0,1.15279,main
삼겹살고추장구이,구이류,200,805.66,25.25,28.42,65.66,11.45,1.02067,main
버섯구이,구이류,80,41.71,3.82,4.13,1.1,0.09,0.39324000000000003,not main
뱅어포구이,구이류,70,262,17.55,24.06,10.62,11.14,1.0353800000000002,main
런천미트구이,구이류,160,484.35,5.23,28.09,39.01,2.73,1.526,not main
등심스테이크,구이류,200,388,0.28,60.44,16.13,0,0.26807,main
돼지불고기,구이류,200,449.57,8.1,29.71,33.15,9.26,0.62515,main
토란국,국 및 탕류,400,62.09,10.42,4.01,0.49,1.07,0.75986,not main
호박잎된장국,국 및 탕류,350,23.1,1.88,1.41,1.11,0.25,0.56977,not main
알밥,밥류,330,422.13,51.99,15.61,16.86,7.6,1.41808,main
계란볶음밥,밥류,260,584.71,62.99,17.22,29.32,0.44,0.8276,main
회냉면,면 및 만두류,500,741.26,111.04,29.04,20.11,14.21,0.49545999999999996,main
콩국수,면 및 만두류,800,651.57,71.37,31.2,26.81,1.95,0.53223,main
칼국수,면 및 만두류,700,540.65,104.28,23.09,3.46,0,1.542,main
쫄면,면 및 만두류,550,706.96,127.91,17.68,13.84,19.32,1.37701,main
짬뽕,면 및 만두류,800,464.46,66.06,22.3,12.34,12.52,1.44606,main
짜장면,면 및 만두류,600,529.18,86.22,16.15,13.3,36.43,1.84368,main
쟁반국수,면 및 만두류,450,535.45,57.66,30.05,20.51,36.53,2.30921,main
잔치국수,면 및 만두류,700,310.2,56.34,13.53,3.41,0.3,1.5145899999999999,main
월남쌈,기타,250,293.84,30.63,14.86,12.43,13.74,0.57448,not main
우동(일식),면 및 만두류,800,1264.19,243.83,14.27,25.75,0.14,1.25292,main
수제비,면 및 만두류,650,378.28,72.04,14.99,3.35,0,0.9251699999999999,main
사골만두국,국 및 탕류,700,606.93,62.6,26.19,27.97,0.44,2.3332100000000002,main
비빔냉면,면 및 만두류,500,499.16,66.74,28.33,13.21,20.1,0.8873099999999999,main
비빔국수,면 및 만두류,500,512.46,102.36,15.06,4.75,20.53,1.19379,main
볶음우동,면 및 만두류,300,385.41,74.36,8.41,6.04,1.28,0.77091,main
바지락칼국수,면 및 만두류,700,576.77,111.81,24.04,3.71,1.23,1.90192,main
미트볼 토마토 스파게티,면 및 만두류,500,898.82,88.08,36.7,44.41,4.45,1.08914,main
물만두,면 및 만두류,230,448.16,35.9,18.53,25.6,4.89,0.76359,not main
물냉면,면 및 만두류,700,383.98,72.15,13.75,4.49,31.63,1.12825,main
메밀국수,면 및 만두류,350,221.87,42.21,10.98,1.01,0,0.67936,main
만두,면 및 만두류,220,397.27,39.79,19.05,17.99,0,0.80092,not main
막국수,면 및 만두류,600,799.33,143.37,34.81,9.63,29.28,2.42715,main
라면,면 및 만두류,550,450.91,75.08,9.48,12.52,0,1.55921,main
검정콩밥,밥류,200,330.61,68.59,9.06,2.23,0,0.00687,not main
고추김밥,밥류,290,490.73,79.8,14.14,12.78,0.27,0.94804,main
떡라면,면 및 만두류,550,525.49,84.01,11.21,16.07,0,1.48348,main
기장밥,밥류,200,331.91,73.53,6.87,1.14,0,0.00279,not main
순대국밥,밥류,900,673.09,93.46,28.56,20.56,1.51,1.13758,main
수수밥,밥류,200,321.89,70.04,6.31,1.83,0.15,0.0025499999999999997,not main
쇠고기주먹밥,밥류,200,355.16,69.45,9.52,4.36,0.45,0.7132000000000001,main
쇠고기볶음밥,밥류,260,456.99,56.58,19.74,16.86,0.22,0.5601799999999999,main
쇠고기김밥,밥류,250,447.51,64.44,16.16,13.9,0.07,0.66669,main
쇠머리국밥,밥류,1000,239.21,27.04,15.83,7.53,0,1.39224,main
생선모듬초밥,밥류,380,607.45,101.52,36.71,6.06,5.32,0.54096,main
새우볶음밥,밥류,370,635.75,84.54,23.33,22.7,2.63,0.53864,main
비빔밥,밥류,450,637.54,84.76,30.89,19.44,0.22,1.04185,main
불고기덮밥,밥류,400,728.18,107.84,26.39,21.25,0.28,1.01143,main
볶음밥,밥류,350,640.48,118.88,19.47,9.67,0,0.74358,main
보리밥,밥류,200,321.63,73.54,5.8,0.48,5.14,0.00785,not main
무밥,밥류,200,266.19,56.34,7.33,1.28,0,0.55422,not main
모듬회덮밥,밥류,410,593.54,72.8,37.32,17.01,12.57,0.6343099999999999,main
돼지머리국밥,밥류,900,1233.32,143.42,60.34,46.47,1.46,1.62451,main
돌솥비빔밥,밥류,380,558.1,93.77,20.5,11.22,4.73,1.28183,main
돈까스김밥,밥류,320,646.18,101.24,18.45,18.6,4.24,0.76981,main
닭고기덮밥,밥류,410,510.58,60.77,46.75,8.94,4.39,0.62621,main
날치알김밥,밥류,260,461.27,74.52,15.86,11.08,3.71,0.7772,main
낙지덮밥,밥류,350,525.24,84.42,20.58,11.69,7.55,0.7433099999999999,main
김치볶음밥,밥류,330,550.64,51.93,17.56,30.3,45.85,1.5497999999999998,main
김치김밥,밥류,270,351.43,51.76,11.61,10.88,0.79,0.9428200000000001,main
김밥,밥류,230,322.56,45.95,11.14,10.47,0,0.70516,main
떡만두국,국 및 탕류,600,666.99,92.83,21.18,23.44,0.07,1.23689,main
떡국,국 및 탕류,700,588.01,114.57,24.01,3.74,0.57,1.2340499999999999,main
홍합무국,국 및 탕류,350,87.05,3,2.76,7.11,0.83,0.81638,not main
냉이나물무침,숙채류,60,66.3,9.42,3.01,1.84,6.27,0.43076,not main
고춧잎나물무침,숙채류,90,79.55,6.43,3.97,4.22,1.36,0.71704,not main
고사리나물무침,숙채류,50,44.97,3.14,1.89,2.76,0.25,0.22071000000000002,not main
고구마줄기나물무침,숙채류,50,41.64,2.05,0.49,3.5,0,0.08963,not main
건취나물무침,숙채류,50,44.4,3.2,1.81,2.7,0,0.06645999999999999,not main
가지나물무침,숙채류,50,17.95,2.09,0.71,0.75,1.17,0.13708,not main
가죽나물무침,생채및 무침류,80,60.54,8.04,4.66,1.08,3.05,0.2205,not main
파김치,김치류,30,13.32,1.26,0.77,0.58,0.45,0.25916,not main
총각김치,김치류,70,22.89,3.57,0.98,0.52,1.34,0.332,not main
오이소박이,김치류,100,32.38,4.43,1.73,0.86,3.4,0.54103,not main
오이김치,김치류,70,26.54,3.95,1.44,0.56,1.66,0.32604,not main
열무김치,김치류,40,10.71,0.86,0.72,0.49,0.17,0.19447,not main
얼갈이배추김치,김치류,80,50.46,8.75,1.27,1.16,0.3,0.19687000000000002,not main
부추김치,김치류,50,23.33,3.18,1.34,0.58,2.04,0.38066,not main
보쌈김치,김치류,90,27.21,3.36,1.97,0.65,1.52,0.59504,not main
백김치,김치류,90,16.56,2.06,0.92,0.51,0.7,0.40264999999999995,not main
배추김치,김치류,40,10.66,1.27,0.68,0.31,0.95,0.12303,not main
동치미,김치류,200,27.21,4.55,0.58,0.74,2.9,0.82374,not main
돌나물물김치,김치류,400,19.78,3,1.25,0.31,1.4,0.9494600000000001,not main
나박김치,김치류,100,9.82,1.15,0.46,0.38,0.34,0.37745,not main
깻잎김치,김치류,50,31.15,4.46,1.41,0.86,2.02,0.46203,not main
깍두기,김치류,50,16.4,2.12,0.78,0.53,1.27,0.40375,not main
고들빼기김치,김치류,50,35.27,5.76,1.5,0.69,2.2,0.30271,not main
갓김치,김치류,40,16.53,1.88,1.03,0.54,0.47,0.17522,not main
깻잎나물무침,숙채류,50,38.76,2.52,1.34,2.59,1.02,0.18078999999999998,not main
도라지나물무침,숙채류,50,65.04,6.56,1.24,3.76,0.45,0.20551,not main
달걀라면,면 및 만두류,550,596.11,95.29,14.36,17.5,0.99,1.00715,main
머위대나물무침,숙채류,50,28.95,2.38,1.98,1.28,0.17,0.18164,not main
김치만두,면 및 만두류,220,334.15,37.44,22.53,10.47,0.77,0.86526,not main
군만두,면 및 만두류,220,514.51,56.26,15.46,25.29,6.1,0.8460599999999999,not main
고기만두,면 및 만두류,220,350.25,38.28,27.23,9.8,0.35,0.45313,not main
간짜장,면 및 만두류,500,625.08,75.67,25.59,24.45,4.28,2.27622,main
톳나물무침,생채및 무침류,90,67.82,11.05,1.68,1.88,6.25,0.5402899999999999,not main
토란대나물무침,숙채류,90,61.11,3.8,4.63,3.04,0.35,0.19995,not main
콩나물무침,생채및 무침류,50,34.54,1.6,1.93,2.27,0.25,0.19359,not main
콩나물고춧가루무침,생채및 무침류,90,83.58,5.34,3.54,5.34,1.71,0.18296,not main
취나물된장무침,생채및 무침류,90,39.38,3.71,2.77,1.49,0.76,0.2114,not main
참나물무침,생채및 무침류,90,53.85,3.73,2.26,3.32,0.6,0.19657,not main
유채나물무침,생채및 무침류,90,86.24,7.04,5.22,4.14,1.78,1.1514000000000002,not main
오이나물무침,숙채류,80,66.15,0.37,1.46,6.53,1.79,0.50459,not main
열무된장나물무침,숙채류,90,61.23,3.68,3.34,3.68,0.66,0.34095,not main
열무나물무침,숙채류,90,74.13,4.28,3.52,4.77,0.54,0.41389,not main
애호박볶음,볶음류,50,29.52,2.65,0.66,1.81,0.21,0.22338999999999998,not main
씀바귀나물무침,숙채류,90,87.63,14.91,3.48,1.56,1.15,0.18366,not main
시래기나물무침,숙채류,50,56.84,3.87,2.16,3.64,0.27,0.25708,not main
시금치나물무침,숙채류,50,34.28,1.68,1.87,2.23,0.05,0.06812,not main
숙주나물무침,숙채류,50,17.5,1.48,1.11,0.79,0.79,0.20152,not main
비름나물무침,숙채류,80,58.48,4.56,2.77,3.24,0.69,0.26773,not main
배추나물무침,숙채류,80,49.19,6.76,1.61,1.75,4.99,0.22066999999999998,not main
방풍나물무침,숙채류,80,60.76,8.59,3.51,1.38,2.33,0.21393,not main
무나물무침,숙채류,50,10.56,1.82,0.31,0.23,1.65,0.17609,not main
꽁치조림,조림류,100,243.51,5.14,15.52,17.87,4.05,0.34967000000000004,main
달걀국,국 및 탕류,400,52.37,2.74,3.73,2.94,0,0.98454,not main
닭고추장조림,조림류,250,379.87,33.13,22.79,17.36,5.09,0.72424,main
닭조림,조림류,150,294.79,9.86,27.05,16.35,0.75,0.70501,main
달걀찜(우유),찜류,200,209.74,7.59,16.45,12.62,5.09,0.52351,main
꼬막찜,찜류,200,192.87,13.93,24.06,4.55,2.06,1.47219,main
깻잎찜,찜류,100,97.42,5.96,5.21,5.86,1.33,0.79223,not main
가오리찜,찜류,200,204.63,0.92,43.98,2.78,0.11,0.30221,main
호박고추장찌개,찌개 및 전골류,280,115.04,16.69,5.83,2.77,1.58,0.59073,main
햄 김치찌개,찌개 및 전골류,300,93.41,9.52,4.42,4.18,0.12,1.3350799999999998,main
해물매운탕,찌개 및 전골류,600,211.37,15.08,29.07,3.86,2.69,2.20853,main
콩비지찌개,찌개 및 전골류,400,275.73,14.27,26.95,12.32,12.98,1.15603,main
콩나물된장찌개,찌개 및 전골류,300,146.27,18.94,7.69,4.42,0.29,0.91907,main
추어탕,찌개 및 전골류,350,188.33,10.74,11.33,11.12,0,0.8612799999999999,main
청국장찌개,찌개 및 전골류,200,93.59,3.84,10.06,4.22,0,0.48488,main
참치김치찌개,찌개 및 전골류,300,154.06,8.7,10.76,8.47,0.45,0.793,main
조개된장찌개,찌개 및 전골류,300,68.12,3.53,8.63,2.16,1.68,1.21947,main
장어탕,찌개 및 전골류,800,536.94,29.4,34.53,31.25,21.26,3.0972,main
오징어찌개,찌개 및 전골류,250,85.47,11.92,8.24,0.54,1.13,0.7115,main
오리탕,찌개 및 전골류,600,728.09,36.46,56.99,39.37,21.45,1.90356,main
오리백숙,찌개 및 전골류,300,335.72,1.51,31.78,22.5,0.75,0.48275,main
어묵김치찌개,찌개 및 전골류,260,98.44,16.4,4.74,1.54,4.15,0.6645800000000001,main
알탕,찌개 및 전골류,520,203.13,9.06,33.11,3.83,0,1.30149,main
순두부찌개,찌개 및 전골류,200,85.54,2.61,9.06,4.32,1.19,0.42663999999999996,main
순두부김치찌개,찌개 및 전골류,200,69.65,4.34,5.95,3.17,0.64,0.30201999999999996,main
쇠고기전골,찌개 및 전골류,300,187.56,1.37,23.66,9.71,0.14,0.89564,main
쇠고기된장찌개,찌개 및 전골류,300,163.93,10.51,17.12,5.93,2.15,0.8904,main
쇠고기 샤브샤브,찌개 및 전골류,600,259.59,10.77,32.27,9.72,8.94,0.5778300000000001,main
꽈리고추찜,찜류,100,103.92,17.69,3.59,2.09,0.44,0.31591,not main
달걀찜(새우젓),찜류,200,116.3,0.93,9.96,8.08,0,0.49375,main
버섯전골,찌개 및 전골류,300,233.68,14.34,15.43,12.73,3.54,0.43929,main
닭찜,찜류,300,320.01,1.8,37.1,18.27,0,0.6730700000000001,main
등심돈까스,튀김류,200,463.93,22.57,33.75,26.52,8.98,0.8148,main
닭날개튀김,튀김류,200,514.08,20.97,34.34,32.54,0,0.53885,main
닭강정,튀김류,200,450.09,45.04,23.68,19.47,7.95,1.30486,main
다시마튀각,튀김류,50,230.86,23.66,4.22,13.26,8.62,0.65271,not main
깐풍기,튀김류,150,344.54,27.42,18.89,17.7,4.6,0.61556,main
김튀김,튀김류,50,260.77,27.18,5.5,14.45,0.07,0.30312,not main
고등어튀김,튀김류,150,513.77,10.65,29.46,39.26,0,0.29372000000000004,main
감자튀김,튀김류,150,467.75,52.72,6.82,25.51,0.55,0.11711,not main
간장양념치킨,튀김류,200,543.73,42.48,20.46,32.44,10.54,1.18757,main
간장양념닭다리튀김,튀김류,200,646.67,35.75,37.71,39.2,7.41,0.8206100000000001,main
해물콩나물찜,찜류,200,111.2,9.93,13.33,2.02,0,0.44645,main
풋고추찜,찜류,100,51.22,8.27,2.31,0.99,1.44,0.70836,not main
코다리찜,찜류,200,188.69,12.15,28.97,2.69,5,1.2406400000000002,main
족발,찜류,250,582.68,2.32,65.09,34.78,0,0.8614700000000001,main
애호박찜,찜류,100,181.05,21.18,9.5,6.48,1.81,0.16125,not main
아귀찜,찜류,200,168.18,14.52,13.44,6.26,5.46,0.7831,main
순대,찜류,220,410.53,78.6,6.04,8,3.06,1.32797,main
쇠고기수육,찜류,300,498.92,6.11,85.29,14.81,0.33,0.09181,main
쇠고기사태찜,찜류,300,328.77,11,36.3,15.51,0.4,0.90534,main
쇠갈비찜,찜류,300,256.01,20.85,21.75,9.51,2.24,0.8169,main
돼지고기 수육,찜류,300,936.89,7.05,59.65,74.46,7.21,0.12128,main
돼지갈비찜,찜류,300,581.39,22.33,39.86,36.96,0.39,1.4325899999999998,main
부대찌개,찌개 및 전골류,600,737.25,61.59,35.16,38.91,1.05,1.43559,main
버섯샤브샤브,찌개 및 전골류,350,104.64,5.49,13.57,3.16,1.84,0.17759,main
미역튀각,튀김류,50,221.3,10.57,6.62,16.95,5.68,2.6115399999999998,not main
쇠고기죽,죽 및 스프류,400,244.09,50.44,8.62,0.87,0,1.0638800000000002,not main
콩조림,조림류,30,84.27,10.45,5.39,2.32,1.06,0.26031,not main
코다리조림,조림류,100,86.06,4.16,16.46,0.4,3.67,0.46552,main
쥐포조림,조림류,100,276.3,36.12,13.03,8.86,23.37,1.26475,not main
우엉조림,조림류,30,56.54,10.44,1.44,1,8.53,0.35217000000000004,not main
오징어채조림,조림류,50,119.8,12.68,11.76,2.45,6.89,0.56487,not main
연근조림,조림류,50,87.19,14.71,1.34,2.55,1.39,0.33058,not main
어묵조림,조림류,200,317.02,46.32,11.65,9.46,4.85,0.85648,not main
양미리조림,조림류,100,65.31,9.09,5.76,0.66,2.2,0.71057,main
쇠고기장조림,조림류,100,68.76,4.84,10.41,0.86,1,0.54347,not main
쇠고기 메추리알 장조림,조림류,100,157.49,15.56,11.69,5.39,3.32,0.87728,not main
삼치조림,조림류,100,124.64,2.61,15.88,5.63,2.03,0.44101,main
병어조림,조림류,100,112.38,4.87,12.46,4.78,0.22,0.84221,main
버섯조림,조림류,150,90.66,9.34,6.57,3,2.92,0.45258,not main
미트볼조림,조림류,150,331.41,19.42,27.23,16.09,15.78,0.47237,main
무조림,조림류,150,71.44,6.43,3.39,3.57,5.81,1.16866,not main
멸치조림,조림류,100,318.37,8.93,40.92,13.22,7.35,3.1625799999999997,not main
메추리알 장조림,조림류,100,202.86,6.3,14.25,13.41,3.48,0.75451,not main
마늘쫑조림,조림류,100,194.24,43.82,4.04,0.31,6.42,1.19103,not main
땅콩조림,조림류,20,96.52,3.99,3.75,7.28,1.97,0.11474,not main
두부조림,조림류,50,71.55,2.2,4.82,4.83,1.82,0.08066,not main
돼지고기장조림,조림류,100,72.66,0.63,15.58,0.87,7.27,0.8020900000000001,not main
돼지고기 메추리알 장조림,조림류,100,166.24,4.26,20.07,7.66,6.19,0.38814,not main
닭죽,죽 및 스프류,400,177.46,28.57,10.7,2.27,0,0.46719,not main
양송이스프,죽 및 스프류,100,105.29,8.06,2.41,7.04,2.52,0.16954,not main
두부애호박된장찌개,찌개 및 전골류,350,189.41,20.07,17.61,4.3,6.04,0.6886599999999999,main
오리고기죽,죽 및 스프류,400,618.71,79.8,30,19.94,0,0.24838,not main
두부쇠고기고추장찌개,찌개 및 전골류,280,162.34,18.85,12.77,3.98,0.48,0.54692,main
두부된장찌개,찌개 및 전골류,270,110.23,6.9,8.78,5.28,2.66,1.29151,main
두부고추장찌개,찌개 및 전골류,500,261.81,15.88,20.04,13.13,4,0.90592,main
된장찌개,찌개 및 전골류,200,91.91,8.87,6.76,3.26,0,0.63598,main
돼지고기찌개,찌개 및 전골류,300,143.02,6.77,18.76,4.54,0.38,0.76462,main
돼지고기김치찌개,찌개 및 전골류,200,90.91,2.07,8.49,5.41,0.09,0.41352999999999995,main
동태찌개,찌개 및 전골류,200,87.22,3.44,12.22,2.73,0.25,0.54661,main
대구 매운탕,찌개 및 전골류,600,134.18,1.14,26.96,2.42,0,1.50045,main
닭볶음탕,찌개 및 전골류,300,332.04,25.57,35.74,9.65,1.25,1.12949,main
달래된장찌개,찌개 및 전골류,350,122.7,13.32,11.12,2.77,1.42,1.99648,main
냉이된장찌개,찌개 및 전골류,350,67,10.18,4.09,1.1,1.94,0.60751,main
내장탕,찌개 및 전골류,600,423.97,10.08,34.9,27.12,0.32,1.2947899999999999,main
낙지전골,찌개 및 전골류,300,153.42,11.16,19.5,3.42,0,1.45271,main
꽃게탕,찌개 및 전골류,600,101.1,8.61,11.13,2.46,5.71,1.63904,main
꽁치김치찌개,찌개 및 전골류,270,241.19,9.56,19.27,13.98,1.9,0.67252,main
김치전골,찌개 및 전골류,270,197.79,15.34,8.43,11.41,2.14,0.80804,main
감자탕,찌개 및 전골류,530,375.69,12.03,33.43,21.54,0,1.73985,main
갈치찌개,찌개 및 전골류,250,94.75,4.88,13.17,2.51,2.45,0.22868,main
흑임자죽,죽 및 스프류,400,245.96,14.56,4.41,18.9,2.99,0.6358400000000001,not main
호박죽,죽 및 스프류,400,197.52,26.3,7.7,6.84,14.24,0.16738999999999998,not main
팥죽,죽 및 스프류,400,324.17,66.63,12.69,0.76,0.08,0.5087200000000001,not main
채소죽,죽 및 스프류,400,173.76,30.47,6.75,2.76,0.69,0.89477,not main
전복죽,죽 및 스프류,400,317.19,38.49,7.27,14.9,0,0.6316799999999999,not main
떡강정,튀김류,200,498.31,95.78,7.58,9.43,10.67,0.89291,not main
오징어조림,조림류,150,206.02,18.68,24.82,3.56,10.28,2.20344,not main
새우탕수육,튀김류,200,232.79,26.03,13.29,8.39,12.87,0.98454,main
새우튀김,튀김류,150,430.34,28.44,25.52,23.84,0.13,0.72856,not main
후라이드치킨,튀김류,200,530.04,21.29,35.47,33.67,0,0.38681,main
탕수육,튀김류,200,358.97,24.84,27.21,16.75,19.08,0.8146599999999999,main
치킨너겟,튀김류,150,468.4,14.93,22.47,35.42,4.94,0.84388,not main
소시지튀김,튀김류,200,707.98,8.01,28.13,62.6,1.54,1.879,not main
채소튀김,튀김류,100,404.63,36.83,3.25,27.14,6.37,0.27785000000000004,not main
오징어튀김,튀김류,150,505.71,33.65,18.56,32.99,0.5,0.50499,not main
닭갈비,구이류,400,595.61,44.9,45.9,25.8,21.2,1.53583,not main
북어찜,찜류,150,235,18,28.1,5.7,6.4,0.90098,not main
광어매운탕,국 및 탕류,600,419.79,9.13,58.42,16.62,1.42,1.79902,not main
전복탕,국 및 탕류,600,196.85,15.8,26.8,3,1.3,1.7744000000000002,not main
육탕,국 및 탕류,150,87.63,0.35,12.66,3.95,0,0.35694,not main
우럭매운탕,국 및 탕류,600,406.82,11.24,52.15,17.03,1.08,1.7738800000000001,not main
연포탕,국 및 탕류,1000,541.64,20.19,94.9,9.03,0.23,2.33746,not main
어탕,국 및 탕류,150,85.87,1.82,12.7,3.09,0,0.48508,not main
아구탕,국 및 탕류,600,246.07,12.8,37.8,4.9,1.8,1.86334,not main
소탕,국 및 탕류,150,86.37,1.9,7.66,5.35,0.03,0.35358999999999996,not main
복지리탕,국 및 탕류,600,232.05,10.3,41.7,2.7,1.4,1.34998,not main
메기매운탕,국 및 탕류,600,400,48.6,28.6,10.2,5.7,1.85996,not main
대구지리탕,국 및 탕류,600,262.02,9.9,41.6,6.2,1.5,1.47625,not main
대구매운탕,국 및 탕류,600,361.75,16.84,57.36,7.21,1.09,1.9839,not main
낙지탕,국 및 탕류,600,187.8,10.4,29.4,3.2,1.9,1.70469,not main
홍어찜,찜류,250,202.67,1.22,47.12,1.03,1.22,0.6449600000000001,not main
해물찜,찜류,500,400.08,35.4,42.6,9.8,5.5,2.13721,not main
한방오리백숙,찜류,300,469.53,3.36,68.79,20.1,0.35,0.27643,not main
참꼬막,찜류,80,90.79,4.59,12.47,2.5,0,0.23416,not main
조기찜,찜류,100,182.12,1.64,20.06,10.59,0,0.60203,not main
전어찜,찜류,100,278.22,0.6,17.28,22.97,0,0.44739999999999996,not main
순대 ,찜류,300,542.42,58.36,19.56,25.64,3.5,1.01919,not main
소갈비찜,찜류,250,494.6,13.14,49.86,26.96,4.32,0.75363,not main
조기매운탕,국 및 탕류,600,384.38,17.3,35.1,19.4,4.3,2.27292,not main
대구포,포류,100,140.84,2.33,31.97,0.4,0,3.87595,not main
유과,과자류,30,127.09,22.27,0.84,3.85,7.24,0.00684,not main
약과,과자류,30,119.73,25.47,1.26,1.43,5.07,0.01719,not main
송화다식,과자류,30,110.83,22.19,2.49,1.34,8,0.00404,not main
산자,과자류,30,109.71,24.65,0.69,0.93,9.4,0.006860000000000001,not main
매작과,과자류,30,123.86,19.83,2.25,3.95,4.93,0.02983,not main
북어포,포류,20,66.46,0.32,15.42,0.39,0.22,0.12899000000000002,not main
치킨까스,튀김류,200,593,44.02,27.91,33.92,4.15,0.77927,main
해물탕,국 및 탕류,600,267.81,16.6,39.8,4.7,0.8,2.04624,not main
치즈돈가스,튀김류,250,755.37,41.76,42.02,46.69,3.57,0.8707699999999999,main
쥐포튀김,튀김류,100,356.91,42.5,9.62,16.49,7.96,0.71702,not main
양념치킨,튀김류,200,552,42.3,35.5,26.8,12.5,0.80549,main
안심돈가스,튀김류,200,651.75,34.25,33.28,42.4,2.77,0.55155,main
생선까스,튀김류,200,653.44,46.56,24.33,41.1,1.96,0.78862,main
미꾸라지튀김,튀김류,100,387.49,28.85,10.89,25.39,0.3,0.32447000000000004,not main
등심돈가스,튀김류,200,623.83,38.49,32.99,37.54,3.66,0.57408,main
닭튀김,튀김류,300,903,48.8,65.2,49.7,1.5,1.24448,not main
고추튀김,튀김류,100,202,14.6,7.6,12.6,2.3,0.24915,not main
고구마튀김,튀김류,100,252.96,33.8,2.72,11.87,7.72,0.14841,not main
고구마맛탕,튀김류,200,491,94.6,3.3,11,38.7,0.07693000000000001,not main
병어찜,찜류,100,179.69,0.16,18.86,11.51,0,0.65098,not main
냉김치말이국수,면 및 만두류,600,302.53,52,12.9,4.8,8.3,2.12162,not main
오일소스스파게티,면 및 만두류,400,646.74,89.42,19.56,23.43,1.41,1.1243299999999998,not main
열무냉면,면 및 만두류,800,525.49,97.52,20.84,5.78,27.15,3.15237,not main
열무김치국수,면 및 만두류,800,431,69.6,15,10.2,18.6,3.00745,not main
쌀국수,면 및 만두류,600,320.32,55.1,15.6,4.2,4.3,1.6515799999999998,not main
삼선짬뽕,면 및 만두류,900,662.37,101.73,39.63,10.77,1.09,2.68913,not main
삼선자장면,면 및 만두류,700,803.9,126.53,33.64,18.14,10.15,2.62824,not main
삼선우동,면 및 만두류,1000,691.66,105.9,47.94,8.48,0.8,2.7223200000000003,not main
둘깨칼국수,면 및 만두류,600,457.88,59.8,17.6,16.5,1.4,1.19257,not main
닭칼국수,면 및 만두류,900,663,94.7,42.2,12.8,5.3,2.1251700000000002,not main
김치우동,면 및 만두류,800,500.18,99.14,15.55,4.6,2.13,2.8746,not main
울면,면 및 만두류,1000,728.86,128.18,37.46,7.37,0.5,2.79992,not main
김치라면,면 및 만두류,650,552,86.2,13.8,16.9,1.2,2.5316,not main
기스면,면 및 만두류,1000,606.93,89.79,37.82,10.72,0.5,2.76459,not main
굴짬뽕,면 및 만두류,900,680.67,115.69,32.87,9.6,1.7,2.66235,not main
간자장,면 및 만두류,650,824.54,134.22,22.33,22.03,12.16,2.7161999999999997,not main
찹쌀떡,곡류 및 서류,100,276.87,65.61,3.26,0.15,17.54,0.22561,not main
절편,곡류 및 서류,100,192.89,43.94,3.64,0.28,0.07,0.26587,not main
쑥떡,곡류 및 서류,100,248.63,57.89,3.36,0.4,10.72,0.25432,not main
시루떡,곡류 및 서류,100,217.48,47.54,5.47,0.61,3.22,0.27791000000000005,not main
수수팥떡,곡류 및 서류,100,204.24,43.03,6.7,0.59,2.82,0.24193,not main
수수부꾸미,곡류 및 서류,100,247.89,42.1,5.73,6.29,0.24,0.261,not main
송편(콩),곡류 및 서류,100,194.33,41.66,5.24,0.75,1.26,0.2335,not main
송편(깨),곡류 및 서류,100,224.15,44.96,4.92,2.74,1.15,0.23182,not main
우동(중식),면 및 만두류,1000,648.47,85.37,29.45,21.02,1.1,3.3958600000000003,not main
자장면,면 및 만두류,650,796.5,133.63,19.77,20.32,7.8,2.39158,not main
메밀전병,곡류 및 서류,100,167.83,21.62,6.18,6.29,0.62,0.3458,not main
류산슬덮밥,밥류,550,574.99,73.95,26.96,19.04,0.42,1.5793499999999998,not main
농어초밥,밥류,250,396.74,78.75,17.43,1.34,13.01,1.03504,not main
고추장불고기 삼각김밥,밥류,100,165.29,34.11,3.66,1.58,0.21,0.34292,not main
홍어무침,생채및 무침류,200,198.94,25.95,17.85,2.63,14.46,0.80204,not main
탕평채,생채및 무침류,100,97.5,12.26,3.55,3.81,0.39,0.26039999999999996,not main
청포묵무침,생채및 무침류,250,149,22.7,2.9,5.2,1.8,0.72402,not main
쥐치채,생채및 무침류,20,55.92,10.89,2.75,0.15,4.55,0.29634,not main
우거지나물무침,생채및 무침류,150,129,8.7,4.5,8.5,1.5,0.77252,not main
쑥갓나물무침,생채및 무침류,150,96,6.6,4.5,5.7,0.3,0.70999,not main
짬뽕라면,면 및 만두류,750,689,92,21.3,26.3,1.6,2.49381,not main
도토리묵,기타,100,45.6,10.38,0.29,0.32,0.43,0.12415000000000001,not main
더덕무침,생채및 무침류,150,216,43.4,4.3,2.8,20.2,1.24658,not main
달래나물무침,생채및 무침류,150,136,23.8,4,2.8,11.2,0.8670399999999999,not main
단무지무침,생채및 무침류,50,20,2.8,0.5,0.8,0.7,0.42892,not main
노각무침,생채및 무침류,150,84,14.3,2.6,1.8,7.1,0.81737,not main
골뱅이무침,생채및 무침류,100,108.79,15.69,7.08,1.97,10.46,0.52552,not main
해물토마토소스스파게티,면 및 만두류,500,584.44,87.24,27.97,13.73,13.48,1.53316,not main
해물크림소스스파게티,면 및 만두류,500,917.57,86.97,30.39,49.79,8.36,1.3237,not main
해물칼국수,면 및 만두류,900,628.26,123.9,22.8,4.61,3.81,2.35507,not main
토마토소스스파게티,면 및 만두류,500,642.58,93.2,24.35,19.15,15.6,1.5086300000000001,not main
크림소스스파게티,면 및 만두류,400,837.57,73.76,21.79,50.59,9.17,1.03021,not main
치즈라면,면 및 만두류,600,595,80,16.8,23,0.9,2.1134,not main
무지개떡,곡류 및 서류,100,228.97,53.01,3.53,0.31,8.99,0.27682,not main
녹두시루떡,곡류 및 서류,100,246.07,48.08,7.74,2.53,4.05,0.26366,not main
민어찜,찜류,100,136.88,0,21.47,5.91,0,1.0894300000000001,not main
햄버그스테이크,구이류,200,457.7,20.76,26.96,29.65,5.33,0.9502200000000001,not main
미소된장국,국 및 탕류,150,38,2.8,2.8,1.8,0.7,0.51703,not main
무된장국,국 및 탕류,450,104,14.7,6.1,2.4,5.9,1.74146,not main
맑은감자국,국 및 탕류,700,221,34.6,8.3,5.5,5.2,1.7122899999999999,not main
만둣국,국 및 탕류,700,434.05,47.83,21.43,17.44,3.05,2.36799,not main
떡만둣국,국 및 탕류,700,624.92,110.71,20.06,11.32,0.16,1.9801900000000001,not main
김치국,국 및 탕류,450,89,10.5,5.4,2.8,2.9,1.64208,not main
굴국밥,국 및 탕류,650,683,88.4,42.4,17.8,0.3,1.6353900000000001,not main
훈제오리,구이류,250,797.14,12.08,43.06,64.07,0.27,1.22037,not main
황태구이,구이류,200,437.57,26.9,47.8,15.4,14.2,1.13533,not main
뼈다귀해장국,국 및 탕류,1000,714,23.4,74.6,35.7,5.7,3.08821,not main
임연수구이,구이류,250,494,3.5,53.8,29.4,0,1.5689600000000001,not main
양념장어구이,구이류,150,433.35,8.8,30.77,30.56,4.18,0.7046399999999999,not main
소양념갈비구이,구이류,300,989.15,26.2,60.1,71.6,13.9,1.37845,not main
병어구이,구이류,250,488,0.2,54.6,30.8,0,1.5679400000000001,not main
도미구이,구이류,250,397,2.1,61.1,16.5,0,1.58217,not main
더덕구이,구이류,100,184,31.1,3.1,5.2,11.6,0.74337,not main
닭꼬치,구이류,70,176.72,13.35,11.56,8.57,3.15,0.28691,not main
바지락조개국,국 및 탕류,550,157,10.1,22,3.1,1.3,1.59617,not main
선지해장국,국 및 탕류,1000,312,16.7,49.3,5.4,3.9,3.07453,not main
기피편,곡류 및 서류,100,219.97,48.99,5.45,0.25,2.08,0.28106,not main
경단(콩),곡류 및 서류,100,314.32,74.03,3.51,0.46,20.55,0.22583,not main
경단(깨),곡류 및 서류,100,319.47,74.22,4.44,0.54,26.64,0.18,not main
콩나물,숙채류,50,25.34,0.94,1.68,1.65,0.02,0.21395,not main
취나물,숙채류,50,74.1,3.31,1.37,6.15,0,0.28186,not main
미나리나물,숙채류,50,29.53,2.24,1.02,1.83,0,0.15033000000000002,not main
열무얼갈이김치,김치류,50,17.68,2.61,1.07,0.33,0.46,0.3399,not main
고들빼기,김치류,50,55.53,10.93,1.58,0.61,2.84,0.7424299999999999,not main
해파리냉채,생채및 무침류,150,91,13.4,6.2,1.4,11.4,0.50877,not main
소고기샤브샤브,찌개 및 전골류,600,263.75,14.7,29.1,9.8,2.4,1.1224,not main
생선물회,회류,800,577.97,82.5,34.3,12.3,52,2.77974,not main
라조기,튀김류,200,398.99,26.23,20.66,23.49,0.15,0.64852,not main
소고기무국,국 및 탕류,400,123,7.8,14.2,4,3.5,1.06702,not main
난자완스,볶음류,200,346.25,19.15,21.63,20.35,0.49,0.70323,not main
고추잡채,볶음류,200,256.77,26.17,10.99,12.01,2.09,0.82855,not main
황태해장국,국 및 탕류,600,181.7,5.7,24.5,6.8,1.5,1.5330899999999998,not main
홍합미역국,국 및 탕류,650,167,11.6,19.7,4.7,0,2.04368,not main
탕국,국 및 탕류,250,92.15,0.24,13.18,4.27,0.08,0.65675,not main
우렁된장국,국 및 탕류,500,245,19.2,24.6,7.7,3.6,2.13421,not main
우거지해장국,국 및 탕류,600,154.38,13.5,11.9,5.9,2.5,2.0495900000000002,not main
시래기된장국,국 및 탕류,450,99,11,6.7,3.1,1.3,1.52366,not main
순대국,국 및 탕류,800,540.3,17.26,43.52,33.02,0,1.50404,not main
소고기미역국,국 및 탕류,650,151,7.7,18.1,5.3,0,1.90891,not main
멸치주먹밥,밥류,150,312,54.3,9,6.6,0.9,0.49621,not main
동그랑땡(육원전),전.적 및 부침류,150,309.2,12.68,19.62,20,0.98,0.5530900000000001,not main
가자미조림,조림류,300,297.98,21.5,37.1,7.1,10.5,1.6928299999999998,not main
화양적,전.적 및 부침류,150,272.65,21.35,13.58,14.77,1.21,0.79703,not main
호박전,전.적 및 부침류,150,208.1,16.1,6.48,13.09,2.85,0.27695,not main
호박부침개,전.적 및 부침류,100,129,10.1,3.9,8.1,3.6,0.17433,not main
햄부침,전.적 및 부침류,100,244,11.3,11.3,17.1,1,0.71566,not main
파전,전.적 및 부침류,150,292.8,34.81,6.83,14.03,0.79,0.34596,not main
야채전,전.적 및 부침류,100,194,21.6,5.4,9.5,2.4,0.32152,not main
버섯전,전.적 및 부침류,150,240.69,16.19,10.52,14.87,2.74,0.31376,not main
배추전,전.적 및 부침류,150,240.75,35.52,5.17,8.67,5.02,0.32683,not main
미나리전,전.적 및 부침류,150,226.41,34.23,5.24,7.62,1.74,0.24869999999999998,not main
두부전,전.적 및 부침류,150,254.64,7.5,20.46,15.87,0.03,0.31715,not main
동태전,전.적 및 부침류,150,268.05,10.54,22.64,15.04,0.22,0.70216,not main
녹두빈대떡,전.적 및 부침류,100,207.94,20.93,7.94,10.27,0.1,0.23205,not main
동태조림,조림류,250,276,17.4,40.8,4.7,10.2,1.39169,not main
깻잎전,전.적 및 부침류,150,361.1,14.54,17.74,25.78,1.06,0.48014999999999997,not main
굴전,전.적 및 부침류,100,195,14.5,10.6,10.5,1.3,0.3257,not main
고추전,전.적 및 부침류,150,274.69,17.01,12.91,17.22,2.17,0.36221,not main
가자미전,전.적 및 부침류,150,230.28,6.91,25.76,11.06,0.3,0.81937,not main
홍합산적,전.적 및 부침류,80,156.66,10.58,17.78,4.8,3.34,0.71972,not main
홍어적,전.적 및 부침류,100,89.15,0,23.59,0.66,0.28,0.32353,not main
오징어산적,전.적 및 부침류,80,101.71,3.6,17.37,1.98,0.92,0.47711000000000003,not main
소라산적,전.적 및 부침류,80,120.1,6.45,17.92,2.51,0.85,0.39668000000000003,not main
소고기산적,전.적 및 부침류,200,453.07,7.33,48.41,25.57,0,1.39283,not main
돔베기적,전.적 및 부침류,100,159.49,0,30.08,7.42,0,0.45125,not main
낙지꼬지,전.적 및 부침류,80,75.35,2.83,13.14,1.28,0,0.20707,not main
계적,전.적 및 부침류,250,488.08,0,57.72,30.43,0,0.21011000000000002,not main
고추조림,조림류,100,111,13.4,3.3,4.9,7.1,0.7791,not main
돼지고기메추리알장조림,조림류,50,63.49,3.37,8.34,1.85,1.27,0.58299,not main
문어초밥,밥류,250,392.23,81.78,14.61,0.74,13.38,1.2008599999999998,not main
버섯찌개,찌개 및 전골류,400,167.56,15.4,14.7,5.2,4.4,1.2938699999999999,not main
문어숙회,찜류,80,66.91,0.73,14.86,0.5,0,0.20833000000000002,not main
돼지머리고기,찜류,200,650,3.5,42.4,52,0.1,0.33364,not main
돼지등갈비찜,찜류,450,961.04,57.4,72.1,49.2,24.1,2.3951700000000002,not main
동태찜,찜류,500,394.32,25.8,50.9,9.7,5.7,1.9855999999999998,not main
도미찜,찜류,100,125.51,0.54,23,3.48,0,0.83996,not main
대구찜,찜류,500,376.42,24.7,51.7,7.9,5.7,1.89867,not main
호박찌개,찌개 및 전골류,300,95,12.2,5.6,2.6,5.8,1.0241099999999999,not main
햄김치찌개,찌개 및 전골류,300,189,12.7,11.1,10.4,3.6,1.5830499999999998,not main
소곱창전골,찌개 및 전골류,600,529,29.2,41.6,27.3,2.3,1.77963,not main
새우젓두부찌개,찌개 및 전골류,300,166,7.2,16.2,8.1,1.7,1.1230799999999999,not main
두부전골,찌개 및 전골류,500,315.16,17.1,25.6,16.1,3.5,1.65077,not main
북어조림,조림류,100,181.86,17.14,20.83,3.33,8.2,0.76595,not main
꽁치찌개,찌개 및 전골류,300,355,12.2,24,23.3,5.9,1.2964,not main
김치찌개,찌개 및 전골류,400,243.03,11.93,15.07,15,3.02,1.96214,not main
고등어찌개,찌개 및 전골류,600,601.62,25.6,48.9,33.7,7.4,2.58406,not main
참치죽,죽 및 스프류,800,659.6,104.57,24.19,16.06,1.36,1.3424,not main
잣죽,죽 및 스프류,700,874.48,155.28,19.18,19.63,2.36,0.87881,not main
소고기버섯죽,죽 및 스프류,800,578.28,109.03,18.75,7.47,0.26,1.2618,not main
깨죽,죽 및 스프류,800,515.35,79.31,13.66,15.94,3.59,1.16019,not main
게살죽,죽 및 스프류,800,564.83,107.35,17.9,7.09,0.17,1.45382,not main
조기조림,조림류,300,384,12.8,41.1,18.8,4.5,1.77122,not main
소고기메추리알장조림,조림류,50,60.65,2.88,8.14,1.84,0.71,0.60212,not main
무장아찌,장아찌 및 절임류,30,23.92,5.03,0.44,0.23,2.88,0.87981,not main
매실장아찌,장아찌 및 절임류,30,72.88,17.43,0.5,0.13,11.45,0.33786,not main
고추장마늘쫑장아찌,장아찌 및 절임류,50,55,10.5,1.3,0.9,5.6,0.7073400000000001,not main
연어초밥,밥류,250,447.32,71.04,18.88,9.74,12.88,1.06438,not main
해물볶음밥,밥류,400,705.22,90.46,25.1,27,1.22,1.07435,not main
해물덮밥,밥류,700,771.93,100.45,42.04,22.44,1.19,1.80268,not main
한치초밥,밥류,250,374.18,77.92,13.71,0.85,13.13,1.1993099999999999,not main
캘리포니아롤,밥류,300,487.64,89.23,12.33,9.05,8.9,1.2958800000000001,not main
충무김밥,밥류,400,583.93,109.16,23.42,5.96,17.19,1.29427,not main
참치마요네즈 삼각김밥,밥류,100,172.4,31.95,3.94,3.2,0.02,0.2821,not main
참치덮밥,밥류,500,679.1,102.93,29.2,16.73,2.98,1.61874,not main
장어초밥,밥류,250,486.26,80.68,16.52,10.83,13.67,1.27091,not main
장어덮밥,밥류,400,716.54,97.35,30.09,22.98,5.59,0.92077,not main
잡탕밥,밥류,750,777.44,104.94,44.12,20.13,0.48,2.10952,not main
자장밥,밥류,500,741.66,120.06,15.24,22.28,5.37,1.56038,not main
오곡밥,밥류,250,388.82,82.32,11.95,1.3,0.17,0.1139,not main
연어롤 (수정),밥류,300,500,74.32,18.57,15.4,8.47,1.2119000000000002,not main
간장마늘쫑장아찌,장아찌 및 절임류,50,30,5.4,1,0.5,3.9,0.81364,not main
숯불갈비 삼각김밥,밥류,100,161.24,32.55,4,1.67,0.16,0.35836,not main
송이덮밥,밥류,600,581.81,95.6,18.21,14.06,2.27,1.67801,not main
소고기김밥,밥류,250,400.61,62.52,15.98,9.63,0.84,1.06119,not main
소고기국밥,밥류,700,330.53,42.6,21.8,8.1,2.8,1.7863099999999998,not main
생선초밥(모듬),밥류,300,461.97,76.43,25.42,6.06,8.65,0.96894,not main
생선초밥(광어),밥류,300,453.78,77.55,27.07,3.92,7.7,0.80875,not main
샐러드김밥,밥류,250,405.95,61.45,9.62,13.52,3.42,0.91118,not main
새우튀김롤,밥류,300,606.5,96.28,14.47,18.17,11.14,1.3914300000000002,not main
새우초밥,밥류,250,387.67,78.42,16.8,0.75,11.65,1.11029,not main
삼선볶음밥,밥류,400,686.11,85.75,26.24,26.46,1.58,1.21356,not main
회덮밥,밥류,500,683.02,103.3,30.21,16.55,10.93,0.74427,not main
깻잎나물볶음,볶음류,200,206,11.5,7.5,14.4,0.6,1.04268,not main
돼지고기볶음,볶음류,200,350.67,18.21,22.96,20.67,8.2,1.05176,not main
돼지껍데기볶음,볶음류,150,352,24.5,25.8,16.7,5.5,0.7798099999999999,not main
식혜,음료 및 차류,150,130.14,24.32,2.3,2.63,17.04,0.0033799999999999998,not main
수정과,음료 및 차류,150,133,20.34,0.6,5.47,20.69,0.009720000000000001,not main
포테이토피자,빵류,250,628,71.6,28,25.5,8.5,0.99993,not main
페이스트리빵,빵류,70,319.59,32.52,5.99,18.4,5.75,0.29579,not main
초콜릿케이크,빵류,100,420.24,43.6,5.31,24.96,23.13,0.17,not main
채소고로케,빵류,100,300.65,31.19,7.13,16.38,3.37,0.40332999999999997,not main
찹쌀도우넛,빵류,70,207.05,39.95,3.53,3.68,12.13,0.24299,not main
참치샌드위치,빵류,250,555,36.5,23.3,35.1,10.1,0.91559,not main
버터크림빵,빵류,60,229.96,27.74,4.91,11.04,7.19,0.19118000000000002,not main
만주,빵류,70,222.49,46.8,5.13,1.64,22.45,0.11819,not main
곰보빵,빵류,70,277.34,42.16,6.31,9.27,11.73,0.20225,not main
해물볶음,볶음류,400,419.06,32.2,38.2,15.3,7.4,1.75516,not main
표고버섯볶음,볶음류,150,142,15.8,4.5,6.7,2.6,0.5748,not main
주꾸미볶음,볶음류,200,211.41,22.82,18.33,5.2,5.06,0.91886,not main
오삼불고기,볶음류,200,363,20.5,25.6,19.9,7.6,0.88509,not main
양송이버섯볶음,볶음류,150,136,11,4.5,8.3,1.2,0.5151699999999999,not main
순대볶음,볶음류,400,582,76.7,20.7,21.3,5.4,1.5003499999999999,not main
소세지볶음,볶음류,200,471,31.8,18.8,29.9,8.9,1.43606,not main
머위나물볶음,볶음류,150,108,7.6,3.5,7,1.8,0.71863,not main
두부김치,볶음류,250,288.21,14.08,19.47,17.11,1.49,0.9896900000000001,not main
